"Reference","Value","Description","Manufacturer_Part_Number","Datasheet","Footprint","Qty","DNP"
"BT1","3002","Single-cell battery","3002","https://www.keyelco.com/userAssets/file/M65p9.pdf","Battery:BatteryHolder_Keystone_3002_1x2032","1",""
"C1","EEE-FK1V471SP","Cap 470uF","EEE-FK1V471SP","https://api.pim.na.industrial.panasonic.com/file_stream/main/fileversion/3101","HyprLib:CAP_FKS_G_PAN","1",""
"C2,C6,C7,C8,C9,C16,C17,C18,C19,C20,C21,C24,C25","0.1uf","Unpolarized capacitor (0603B104K500XD)","0603B104K500XD","https://mm.digikey.com/Volume0/opasdata/d220001/medias/docus/4564/0603B104K500XD.pdf","Capacitor_SMD:C_0603_1608Metric","13",""
"C3,C4","100uf 6.3V","Polarized capacitor (TAJB107K006RNJ)","TAJB107K006RNJ","https://datasheets.kyocera-avx.com/TAJ.pdf","Capacitor_SMD:C_1210_3225Metric","2",""
"C5,C12,C13,C14,C15,C22,C23","1uf","Unpolarized capacitor (0603B105K500XD)","0603B105K500XD","https://mm.digikey.com/Volume0/opasdata/d220001/medias/docus/5411/0603B105K500XD.pdf","Capacitor_SMD:C_0603_1608Metric","7",""
"C10,C11","100uF","Cap 100uF","CKG57NX7R1V107M500JH","https://product.tdk.com/en/system/files/dam/doc/product/capacitor/ceramic/mlcc/catalog/mlcc_commercial_megacap_en.pdf","CAP_CKG57N_TDK","2",""
"CR1,CR2,CR3","PESD1CAN_215","","PESD1CAN_215","https://assets.nexperia.com/documents/data-sheet/PESD1CAN.pdf","Package_TO_SOT_SMD:SOT-23","3",""
"D1,D2","SS45B","40V 2A Schottky Barrier Rectifier Diode, SMB","SS45B","http://www.jameco.com/Jameco/Products/ProdDS/1538777.pdf","Diode_SMD:D_SMB","2",""
"F1,F2,F3,F4,F5,F6,F7,F8,F9,F10,F11,F12,F13,F14,F15,F16,F17,F18,F19,F20","MF-MSMF030","Fuse","MF-MSMF030","https://www.bourns.com/docs/product-datasheets/mf-msmf.pdf?sfvrsn=4a75e5c0_65","Fuse:Fuse_2920_7451Metric_Pad2.10x5.45mm_HandSolder","20",""
"J1","855135013","RJ45 vertical ","855135013","https://www.molex.com/en-us/products/part-detail/855135013?display=pdf","HyprLib:CONN_85513-5013_MOL","1",""
"J2","~","","","","HyprLib:Compactus128","1","DNP"
"L1","SWRB1207S-680MT","Inductor","SWRB1207S-680MT","https://www.lcsc.com/datasheet/lcsc_datasheet_2310251551_Sunlord-SWRB1207S-680MT_C169377.pdf","Inductor_SMD:L_Sunlord_SWRB1204S","1",""
"R1,R2,R60","120","Resistor (ERJ-3EKF1200V)","ERJ-3EKF1200V","https://industrial.panasonic.com/cdbs/www-data/pdf/RDA0000/AOA0000C304.pdf","Resistor_SMD:R_0603_1608Metric_Pad0.98x0.95mm_HandSolder","3",""
"R3,R9","15K","Resistor (ERJ-2GEJ153X)","ERJ-2GEJ153X","https://api.pim.na.industrial.panasonic.com/file_stream/main/fileversion/1242","Resistor_SMD:R_0402_1005Metric_Pad0.72x0.64mm_HandSolder","2",""
"R4,R5,R7,R8,R10,R11,R13,R14,R31,R32,R33,R34,R35,R36,R37,R38,R39,R40,R41,R42,R43","10k","Resistor (ERJ-2GEJ103X)","ERJ-2GEJ103X","https://api.pim.na.industrial.panasonic.com/file_stream/main/fileversion/1242","Resistor_SMD:R_0402_1005Metric_Pad0.72x0.64mm_HandSolder","21",""
"R6,R12","20K","Resistor (ERJ-2GEJ203X)","ERJ-2GEJ203X","https://api.pim.na.industrial.panasonic.com/file_stream/main/fileversion/1242","Resistor_SMD:R_0402_1005Metric_Pad0.72x0.64mm_HandSolder","2",""
"R15,R16,R17,R18,R19,R20,R21,R22,R23,R24,R25,R26,R27,R28,R29,R30","1k","Resistor (ERJ-2GEJ102X)","ERJ-2GEJ102X","https://api.pim.na.industrial.panasonic.com/file_stream/main/fileversion/1242","Resistor_SMD:R_0402_1005Metric_Pad0.72x0.64mm_HandSolder","16",""
"R44,R45,R46,R47,R48,R49,R50,R51,R52,R53,R54,R55,R56,R57,R58,R59","4.7k","Resistor (ERJ-2GEJ472X)","ERJ-2GEJ472X","https://api.pim.na.industrial.panasonic.com/file_stream/main/fileversion/1242","Resistor_SMD:R_0402_1005Metric_Pad0.72x0.64mm_HandSolder","16",""
"U1","XL1509-5.0","Buck DC/DC Converter, 2A, 5V Output Voltage, 7-40V Input Voltage","XL1509-5.0","https://datasheet.lcsc.com/lcsc/1809050422_XLSEMI-XL1509-5-0E1_C61063.pdf","Package_SO:SOIC-8_3.9x4.9mm_P1.27mm","1",""
"U2","NUCLEO144-H743ZI","Nucleo 144 Development Board with STM32H743ZIT6 MCU, 1024kB RAM, 2Mb FLASH","","https://www.st.com/resource/en/user_manual/dm00244518-stm32-nucleo144-boards-stmicroelectronics.pdf","Module:ST_Morpho_Connector_144_STLink","1","DNP"
"U3,U4,U20","MCP2562-E-SN","High-Speed CAN Transceiver, 1Mbps, 5V supply, Vio pin, -40C to +125C, SOIC-8","MCP2562-E-SN","http://ww1.microchip.com/downloads/en/DeviceDoc/25167A.pdf","Package_SO:SOIC-8_3.9x4.9mm_P1.27mm","3",""
"U5","TCMT4100","","TCMT4100","https://www.vishay.com/docs/84181/tcmt4100.pdf","HyprLib:SOP-16_TCMT_VIS","1",""
"U6,U7,U8","TXU0104PWR","","TXU0104PWR","https://www.ti.com/lit/ds/symlink/txu0104.pdf?HQS=dis-dk-null-digikeymode-dsf-pf-null-wwe&ts=1721763154521","HyprLib:TSSOP_0104PWR_TEX","3",""
"U9,U10,U11","VNQ500PEPTR-E","","VNQ500PEPTR-E","https://www.st.com/content/ccc/resource/technical/document/datasheet/59/d9/87/f6/a9/a0/47/4f/CD00003634.pdf/files/CD00003634.pdf/jcr:content/translations/en.CD00003634.pdf","POWERSSO-12_STM","3",""
"U12,U13","FAN3122TMX","","FAN3122TMX","https://rocelec.widen.net/view/pdf/f6f3uqrtq7/ONSM-S-A0003539064-1.pdf?t.download=true&u=5oefqw","HyprLib:SOIC8_4X5_ONS","2",""
"U14,U15","NIS3071MT3TWG","Electronic fuse (eFuse) 4-channel, 8V to 60V, 10A in 5x6mm package","NIS3071MT3TWG","https://www.onsemi.com/download/data-sheet/pdf/nis3071-d.pdf","HyprLib:QFN105P500X600X80-17N","2",""
"U16,U17,U18,U19","LS7466-S","Tach reader (LS7466-S)","LS7466-S","https://lsicsi.com/wp-content/uploads/2024/04/LS7466.pdf","Package_SO:SOIC-16W_5.3x10.2mm_P1.27mm","4",""
"D3,D4,D5,D6","MMSZ5222BT1G","Diode","MMSZ5222BT1G","https://www.onsemi.com/pdf/datasheet/mmsz5221bt1-d.pdf","Diode_SMD:D_SOD-123","4",""
"D7,D8,D9,D10,D11,D12,D13,D14","1N4148W-7-F","Diode","1N4148W-7-F","https://www.diodes.com/assets/Datasheets/BAV16W_1N4148W.pdf","Diode_SMD:Nexperia_CFP3_SOD-123W","8",""
